"","size","ID","Schizophrenic","Control","samples.mean","samples.SD","ß","t.value","Pr...t.."
"Training",2318,61,1162,1156,38,21.6564078277077,3.94396551724138,0.707359056641297,0.482128154867602
"Validation",812,20,403,409,40.6,14.9046089657211,-0.6,-0.0876330127055829,0.931135931999875
"Training1",1985,61,995,990,32.5409836065574,17.3508633507498,3.3728448275862,0.755484004072563,0.452964226362155
"Validation1",695,20,345,350,34.75,13.3726940953729,-0.500000000000003,-0.0813908248049618,0.936029330946816
