"auc","Accuracy","Kappa","AccuracyLower","AccuracyUpper","AccuracyNull","AccuracyPValue","McnemarPValue","Sensitivity","Specificity","Pos Pred Value","Neg Pred Value","Precision","Recall","F1","Prevalence","Detection Rate","Detection Prevalence","Balanced Accuracy","Model"
0.9,0.8,0.6,0.563385997003332,0.942666002949967,0.5,0.00590896606445313,0.133614402537715,0.6,1,1,0.714285714285714,1,0.6,0.75,0.5,0.3,0.3,0.8,"avNNet"
0.82,0.8,0.6,0.563385997003332,0.942666002949967,0.5,0.00590896606445313,0.133614402537715,0.6,1,1,0.714285714285714,1,0.6,0.75,0.5,0.3,0.3,0.8,"Naive Bayes"
0.92,0.85,0.7,0.621073173454686,0.967929062814536,0.5,0.00128841400146485,0.248213078989924,0.7,1,1,0.769230769230769,1,0.7,0.823529411764706,0.5,0.35,0.35,0.85,"Penalized Logistic Regression"
0.91,0.9,0.8,0.683017285980918,0.987651472829705,0.5,0.000201225280761719,0.479500122186953,0.8,1,1,0.833333333333333,1,0.8,0.888888888888889,0.5,0.4,0.4,0.9,"Random Forest"
0.84,0.8,0.6,0.563385997003332,0.942666002949967,0.5,0.00590896606445313,0.617075077451974,0.7,0.9,0.875,0.75,0.875,0.7,0.777777777777778,0.5,0.35,0.4,0.8,"XGBoost"
