"auc","Accuracy","Kappa","AccuracyLower","AccuracyUpper","AccuracyNull","AccuracyPValue","McnemarPValue","Sensitivity","Specificity","Pos Pred Value","Neg Pred Value","Precision","Recall","F1","Prevalence","Detection Rate","Detection Prevalence","Balanced Accuracy","Model"
0.68,0.65,0.3,0.407811465467172,0.846090795215459,0.5,0.131587982177734,0.130570018115737,0.4,0.9,0.8,0.6,0.8,0.4,0.533333333333333,0.5,0.2,0.25,0.65,"avNNet"
0.67,0.6,0.2,0.36054258730749,0.808809939274693,0.5,0.25172233581543,0.723673609831763,0.5,0.7,0.625,0.583333333333333,0.625,0.5,0.555555555555556,0.5,0.25,0.4,0.6,"Naive Bayes"
0.69,0.6,0.2,0.36054258730749,0.808809939274693,0.5,0.25172233581543,0.288844366346485,0.4,0.8,0.666666666666667,0.571428571428572,0.666666666666667,0.4,0.5,0.5,0.2,0.3,0.6,"Penalized Logistic Regression"
0.66,0.65,0.3,0.407811465467172,0.846090795215459,0.5,0.131587982177734,0.449691797968891,0.5,0.8,0.714285714285714,0.615384615384615,0.714285714285714,0.5,0.588235294117647,0.5,0.25,0.35,0.65,"Random Forest"
0.62,0.6,0.2,0.36054258730749,0.808809939274693,0.5,0.25172233581543,0.723673609831763,0.5,0.7,0.625,0.583333333333333,0.625,0.5,0.555555555555556,0.5,0.25,0.4,0.6,"XGBoost"
